sourceOccurrenceId	sourceTaxonId	sourceTaxonName	sourceBodyPartId	sourceBodyPartName	sourceLifeStageId	sourceLifeStageName	sourcePhysiologicalStateId	sourcePhysiologicalStateName	interactionTypeId	interactionTypeName	targetOccurrenceId	targetTaxonId	targetTaxonName	targetBodyPartId	targetBodyPartName	targetLifeStageId	targetLifeStageName	targetPhysiologicalStateId	targetPhysiologicalStateName	localityId	localityName	decimalLatitude	decimalLongitude	observationDateTime	referenceDoi	referenceUrl	referenceCitation
		Antrozous pallidus							http://purl.obolibrary.org/obo/RO_0008506	ecologically co-occurs with			Myotis yumanensis												10.2307/3503896	https://academic.oup.com/mspecies/article/doi/10.2307/3503896/2600572	"Hermanson, J.W.; O'Shea, T.J. Antrozous pallidus. Mamm. Species 1983, 213, 1-8 "
		Antrozous pallidus							http://purl.obolibrary.org/obo/RO_0008506	ecologically co-occurs with			Tadarida brasiliensis												10.2307/3503896	https://academic.oup.com/mspecies/article/doi/10.2307/3503896/2600572	"Hermanson, J.W.; O'Shea, T.J. Antrozous pallidus. Mamm. Species 1983, 213, 1-8 "
		Artibeus jamaicensis							http://purl.obolibrary.org/obo/RO_0008506	ecologically co-occurs with			Carollia perspicillata												10.1644/1545-1542(2001)082<1114:TSARIB>2.0.CO;2	https://academic.oup.com/jmammal/article/82/4/1114/2372842?login=true	"Brunet, A.K.; Medelli_n, R.A. The species–area relationship in bat assemblages of tropical caves. J. Mamm. 2001, 82(4), 1114-1122. "
		Artibeus jamaicensis							http://purl.obolibrary.org/obo/RO_0008506	ecologically co-occurs with			Desmodus rotundus												10.1644/1545-1542(2001)082<1114:TSARIB>2.0.CO;2	https://academic.oup.com/jmammal/article/82/4/1114/2372842?login=true	"Brunet, A.K.; Medelli_n, R.A. The species–area relationship in bat assemblages of tropical caves. J. Mamm. 2001, 82(4), 1114-1122. "
		Artibeus jamaicensis							http://purl.obolibrary.org/obo/RO_0008506	ecologically co-occurs with			Diphylla ecaudata												10.1644/1545-1542(2001)082<1114:TSARIB>2.0.CO;2	https://academic.oup.com/jmammal/article/82/4/1114/2372842?login=true	"Brunet, A.K.; Medelli_n, R.A. The species–area relationship in bat assemblages of tropical caves. J. Mamm. 2001, 82(4), 1114-1122. "
		Artibeus jamaicensis							http://purl.obolibrary.org/obo/RO_0008506	ecologically co-occurs with			Glossophaga soricina												10.1644/1545-1542(2001)082<1114:TSARIB>2.0.CO;2	https://academic.oup.com/jmammal/article/82/4/1114/2372842?login=true	"Brunet, A.K.; Medelli_n, R.A. The species–area relationship in bat assemblages of tropical caves. J. Mamm. 2001, 82(4), 1114-1122. "
		Artibeus jamaicensis							http://purl.obolibrary.org/obo/RO_0008506	ecologically co-occurs with			Leptonycteris curasoae												10.1644/1545-1542(2001)082<1114:TSARIB>2.0.CO;2	https://academic.oup.com/jmammal/article/82/4/1114/2372842?login=true	"Brunet, A.K.; Medelli_n, R.A. The species–area relationship in bat assemblages of tropical caves. J. Mamm. 2001, 82(4), 1114-1122. "
		Artibeus jamaicensis							http://purl.obolibrary.org/obo/RO_0008506	ecologically co-occurs with			Micronycteris megalotis												10.1644/1545-1542(2001)082<1114:TSARIB>2.0.CO;2	https://academic.oup.com/jmammal/article/82/4/1114/2372842?login=true	"Brunet, A.K.; Medelli_n, R.A. The species–area relationship in bat assemblages of tropical caves. J. Mamm. 2001, 82(4), 1114-1122. "
		Artibeus jamaicensis							http://purl.obolibrary.org/obo/RO_0008506	ecologically co-occurs with			Myotis nigricans												10.1644/1545-1542(2001)082<1114:TSARIB>2.0.CO;2	https://academic.oup.com/jmammal/article/82/4/1114/2372842?login=true	"Brunet, A.K.; Medelli_n, R.A. The species–area relationship in bat assemblages of tropical caves. J. Mamm. 2001, 82(4), 1114-1122. "
		Artibeus jamaicensis							http://purl.obolibrary.org/obo/RO_0008506	ecologically co-occurs with			Myotis thysanodes												10.1644/1545-1542(2001)082<1114:TSARIB>2.0.CO;2	https://academic.oup.com/jmammal/article/82/4/1114/2372842?login=true	"Brunet, A.K.; Medelli_n, R.A. The species–area relationship in bat assemblages of tropical caves. J. Mamm. 2001, 82(4), 1114-1122. "
		Artibeus jamaicensis							http://purl.obolibrary.org/obo/RO_0008506	ecologically co-occurs with			Myotis velifer												10.1644/1545-1542(2001)082<1114:TSARIB>2.0.CO;2	https://academic.oup.com/jmammal/article/82/4/1114/2372842?login=true	"Brunet, A.K.; Medelli_n, R.A. The species–area relationship in bat assemblages of tropical caves. J. Mamm. 2001, 82(4), 1114-1122. "
		Artibeus jamaicensis							http://purl.obolibrary.org/obo/RO_0008506	ecologically co-occurs with			Natalus stramineus												10.1644/1545-1542(2001)082<1114:TSARIB>2.0.CO;2	https://academic.oup.com/jmammal/article/82/4/1114/2372842?login=true	"Brunet, A.K.; Medelli_n, R.A. The species–area relationship in bat assemblages of tropical caves. J. Mamm. 2001, 82(4), 1114-1122. "
		Artibeus jamaicensis							http://purl.obolibrary.org/obo/RO_0008506	ecologically co-occurs with			Pteronotus parnellii												10.1644/1545-1542(2001)082<1114:TSARIB>2.0.CO;2	https://academic.oup.com/jmammal/article/82/4/1114/2372842?login=true	"Brunet, A.K.; Medelli_n, R.A. The species–area relationship in bat assemblages of tropical caves. J. Mamm. 2001, 82(4), 1114-1122. "
		Carollia perspicillata							http://purl.obolibrary.org/obo/RO_0008506	ecologically co-occurs with			Desmodus rotundus												10.1644/1545-1542(2001)082<1114:TSARIB>2.0.CO;2	https://academic.oup.com/jmammal/article/82/4/1114/2372842?login=true	"Brunet, A.K.; Medelli_n, R.A. The species–area relationship in bat assemblages of tropical caves. J. Mamm. 2001, 82(4), 1114-1122. "
		Carollia perspicillata							http://purl.obolibrary.org/obo/RO_0008506	ecologically co-occurs with			Diphylla ecaudata												10.1644/1545-1542(2001)082<1114:TSARIB>2.0.CO;2	https://academic.oup.com/jmammal/article/82/4/1114/2372842?login=true	"Brunet, A.K.; Medelli_n, R.A. The species–area relationship in bat assemblages of tropical caves. J. Mamm. 2001, 82(4), 1114-1122. "
		Carollia perspicillata							http://purl.obolibrary.org/obo/RO_0008506	ecologically co-occurs with			Glossophaga soricina												10.1644/1545-1542(2001)082<1114:TSARIB>2.0.CO;2	https://academic.oup.com/jmammal/article/82/4/1114/2372842?login=true	"Brunet, A.K.; Medelli_n, R.A. The species–area relationship in bat assemblages of tropical caves. J. Mamm. 2001, 82(4), 1114-1122. "
		Carollia perspicillata							http://purl.obolibrary.org/obo/RO_0008506	ecologically co-occurs with			Leptonycteris curasoae												10.1644/1545-1542(2001)082<1114:TSARIB>2.0.CO;2	https://academic.oup.com/jmammal/article/82/4/1114/2372842?login=true	"Brunet, A.K.; Medelli_n, R.A. The species–area relationship in bat assemblages of tropical caves. J. Mamm. 2001, 82(4), 1114-1122. "
		Carollia perspicillata							http://purl.obolibrary.org/obo/RO_0008506	ecologically co-occurs with			Micronycteris megalotis												10.1644/1545-1542(2001)082<1114:TSARIB>2.0.CO;2	https://academic.oup.com/jmammal/article/82/4/1114/2372842?login=true	"Brunet, A.K.; Medelli_n, R.A. The species–area relationship in bat assemblages of tropical caves. J. Mamm. 2001, 82(4), 1114-1122. "
		Carollia perspicillata							http://purl.obolibrary.org/obo/RO_0008506	ecologically co-occurs with			Myotis nigricans												10.1644/1545-1542(2001)082<1114:TSARIB>2.0.CO;2	https://academic.oup.com/jmammal/article/82/4/1114/2372842?login=true	"Brunet, A.K.; Medelli_n, R.A. The species–area relationship in bat assemblages of tropical caves. J. Mamm. 2001, 82(4), 1114-1122. "
		Carollia perspicillata							http://purl.obolibrary.org/obo/RO_0008506	ecologically co-occurs with			Myotis thysanodes												10.1644/1545-1542(2001)082<1114:TSARIB>2.0.CO;2	https://academic.oup.com/jmammal/article/82/4/1114/2372842?login=true	"Brunet, A.K.; Medelli_n, R.A. The species–area relationship in bat assemblages of tropical caves. J. Mamm. 2001, 82(4), 1114-1122. "
		Carollia perspicillata							http://purl.obolibrary.org/obo/RO_0008506	ecologically co-occurs with			Myotis velifer												10.1644/1545-1542(2001)082<1114:TSARIB>2.0.CO;2	https://academic.oup.com/jmammal/article/82/4/1114/2372842?login=true	"Brunet, A.K.; Medelli_n, R.A. The species–area relationship in bat assemblages of tropical caves. J. Mamm. 2001, 82(4), 1114-1122. "
		Carollia perspicillata							http://purl.obolibrary.org/obo/RO_0008506	ecologically co-occurs with			Natalus stramineus												10.1644/1545-1542(2001)082<1114:TSARIB>2.0.CO;2	https://academic.oup.com/jmammal/article/82/4/1114/2372842?login=true	"Brunet, A.K.; Medelli_n, R.A. The species–area relationship in bat assemblages of tropical caves. J. Mamm. 2001, 82(4), 1114-1122. "
		Carollia perspicillata							http://purl.obolibrary.org/obo/RO_0008506	ecologically co-occurs with			Pteronotus parnellii												10.1644/1545-1542(2001)082<1114:TSARIB>2.0.CO;2	https://academic.oup.com/jmammal/article/82/4/1114/2372842?login=true	"Brunet, A.K.; Medelli_n, R.A. The species–area relationship in bat assemblages of tropical caves. J. Mamm. 2001, 82(4), 1114-1122. "
		Desmodus rotundus							http://purl.obolibrary.org/obo/RO_0008506	ecologically co-occurs with			Diphylla ecaudata												10.1644/1545-1542(2001)082<1114:TSARIB>2.0.CO;2	https://academic.oup.com/jmammal/article/82/4/1114/2372842?login=true	"Brunet, A.K.; Medelli_n, R.A. The species–area relationship in bat assemblages of tropical caves. J. Mamm. 2001, 82(4), 1114-1122. "
		Desmodus rotundus							http://purl.obolibrary.org/obo/RO_0008506	ecologically co-occurs with			Glossophaga soricina												10.1644/1545-1542(2001)082<1114:TSARIB>2.0.CO;2	https://academic.oup.com/jmammal/article/82/4/1114/2372842?login=true	"Brunet, A.K.; Medelli_n, R.A. The species–area relationship in bat assemblages of tropical caves. J. Mamm. 2001, 82(4), 1114-1122. "
		Desmodus rotundus							http://purl.obolibrary.org/obo/RO_0008506	ecologically co-occurs with			Leptonycteris curasoae												10.1644/1545-1542(2001)082<1114:TSARIB>2.0.CO;2	https://academic.oup.com/jmammal/article/82/4/1114/2372842?login=true	"Brunet, A.K.; Medelli_n, R.A. The species–area relationship in bat assemblages of tropical caves. J. Mamm. 2001, 82(4), 1114-1122. "
		Desmodus rotundus							http://purl.obolibrary.org/obo/RO_0008506	ecologically co-occurs with			Micronycteris megalotis												10.1644/1545-1542(2001)082<1114:TSARIB>2.0.CO;2	https://academic.oup.com/jmammal/article/82/4/1114/2372842?login=true	"Brunet, A.K.; Medelli_n, R.A. The species–area relationship in bat assemblages of tropical caves. J. Mamm. 2001, 82(4), 1114-1122. "
		Desmodus rotundus							http://purl.obolibrary.org/obo/RO_0008506	ecologically co-occurs with			Myotis nigricans												10.1644/1545-1542(2001)082<1114:TSARIB>2.0.CO;2	https://academic.oup.com/jmammal/article/82/4/1114/2372842?login=true	"Brunet, A.K.; Medelli_n, R.A. The species–area relationship in bat assemblages of tropical caves. J. Mamm. 2001, 82(4), 1114-1122. "
		Desmodus rotundus							http://purl.obolibrary.org/obo/RO_0008506	ecologically co-occurs with			Myotis thysanodes												10.1644/1545-1542(2001)082<1114:TSARIB>2.0.CO;2	https://academic.oup.com/jmammal/article/82/4/1114/2372842?login=true	"Brunet, A.K.; Medelli_n, R.A. The species–area relationship in bat assemblages of tropical caves. J. Mamm. 2001, 82(4), 1114-1122. "
		Desmodus rotundus							http://purl.obolibrary.org/obo/RO_0008506	ecologically co-occurs with			Natalus stramineus												10.1644/1545-1542(2001)082<1114:TSARIB>2.0.CO;2	https://academic.oup.com/jmammal/article/82/4/1114/2372842?login=true	"Brunet, A.K.; Medelli_n, R.A. The species–area relationship in bat assemblages of tropical caves. J. Mamm. 2001, 82(4), 1114-1122. "
		Desmodus rotundus							http://purl.obolibrary.org/obo/RO_0008506	ecologically co-occurs with			Pteronotus parnellii												10.1644/1545-1542(2001)082<1114:TSARIB>2.0.CO;2	https://academic.oup.com/jmammal/article/82/4/1114/2372842?login=true	"Brunet, A.K.; Medelli_n, R.A. The species–area relationship in bat assemblages of tropical caves. J. Mamm. 2001, 82(4), 1114-1122. "
		Diphylla ecaudata							http://purl.obolibrary.org/obo/RO_0008506	ecologically co-occurs with			Glossophaga soricina												10.1644/1545-1542(2001)082<1114:TSARIB>2.0.CO;2	https://academic.oup.com/jmammal/article/82/4/1114/2372842?login=true	"Brunet, A.K.; Medelli_n, R.A. The species–area relationship in bat assemblages of tropical caves. J. Mamm. 2001, 82(4), 1114-1122. "
		Diphylla ecaudata							http://purl.obolibrary.org/obo/RO_0008506	ecologically co-occurs with			Leptonycteris curasoae												10.1644/1545-1542(2001)082<1114:TSARIB>2.0.CO;2	https://academic.oup.com/jmammal/article/82/4/1114/2372842?login=true	"Brunet, A.K.; Medelli_n, R.A. The species–area relationship in bat assemblages of tropical caves. J. Mamm. 2001, 82(4), 1114-1122. "
		Diphylla ecaudata							http://purl.obolibrary.org/obo/RO_0008506	ecologically co-occurs with			Micronycteris megalotis												10.1644/1545-1542(2001)082<1114:TSARIB>2.0.CO;2	https://academic.oup.com/jmammal/article/82/4/1114/2372842?login=true	"Brunet, A.K.; Medelli_n, R.A. The species–area relationship in bat assemblages of tropical caves. J. Mamm. 2001, 82(4), 1114-1122. "
		Diphylla ecaudata							http://purl.obolibrary.org/obo/RO_0008506	ecologically co-occurs with			Myotis nigricans												10.1644/1545-1542(2001)082<1114:TSARIB>2.0.CO;2	https://academic.oup.com/jmammal/article/82/4/1114/2372842?login=true	"Brunet, A.K.; Medelli_n, R.A. The species–area relationship in bat assemblages of tropical caves. J. Mamm. 2001, 82(4), 1114-1122. "
		Diphylla ecaudata							http://purl.obolibrary.org/obo/RO_0008506	ecologically co-occurs with			Myotis thysanodes												10.1644/1545-1542(2001)082<1114:TSARIB>2.0.CO;2	https://academic.oup.com/jmammal/article/82/4/1114/2372842?login=true	"Brunet, A.K.; Medelli_n, R.A. The species–area relationship in bat assemblages of tropical caves. J. Mamm. 2001, 82(4), 1114-1122. "
		Diphylla ecaudata							http://purl.obolibrary.org/obo/RO_0008506	ecologically co-occurs with			Myotis velifer												10.1644/1545-1542(2001)082<1114:TSARIB>2.0.CO;2	https://academic.oup.com/jmammal/article/82/4/1114/2372842?login=true	"Brunet, A.K.; Medelli_n, R.A. The species–area relationship in bat assemblages of tropical caves. J. Mamm. 2001, 82(4), 1114-1122. "
		Diphylla ecaudata							http://purl.obolibrary.org/obo/RO_0008506	ecologically co-occurs with			Natalus stramineus												10.1644/1545-1542(2001)082<1114:TSARIB>2.0.CO;2	https://academic.oup.com/jmammal/article/82/4/1114/2372842?login=true	"Brunet, A.K.; Medelli_n, R.A. The species–area relationship in bat assemblages of tropical caves. J. Mamm. 2001, 82(4), 1114-1122. "
		Diphylla ecaudata							http://purl.obolibrary.org/obo/RO_0008506	ecologically co-occurs with			Pteronotus parnellii												10.1644/1545-1542(2001)082<1114:TSARIB>2.0.CO;2	https://academic.oup.com/jmammal/article/82/4/1114/2372842?login=true	"Brunet, A.K.; Medelli_n, R.A. The species–area relationship in bat assemblages of tropical caves. J. Mamm. 2001, 82(4), 1114-1122. "
		Glossophaga soricina							http://purl.obolibrary.org/obo/RO_0008506	ecologically co-occurs with			Leptonycteris curasoae												10.1644/1545-1542(2001)082<1114:TSARIB>2.0.CO;2	https://academic.oup.com/jmammal/article/82/4/1114/2372842?login=true	"Brunet, A.K.; Medelli_n, R.A. The species–area relationship in bat assemblages of tropical caves. J. Mamm. 2001, 82(4), 1114-1122. "
		Glossophaga soricina							http://purl.obolibrary.org/obo/RO_0008506	ecologically co-occurs with			Micronycteris megalotis												10.1644/1545-1542(2001)082<1114:TSARIB>2.0.CO;2	https://academic.oup.com/jmammal/article/82/4/1114/2372842?login=true	"Brunet, A.K.; Medelli_n, R.A. The species–area relationship in bat assemblages of tropical caves. J. Mamm. 2001, 82(4), 1114-1122. "
		Glossophaga soricina							http://purl.obolibrary.org/obo/RO_0008506	ecologically co-occurs with			Myotis nigricans												10.1644/1545-1542(2001)082<1114:TSARIB>2.0.CO;2	https://academic.oup.com/jmammal/article/82/4/1114/2372842?login=true	"Brunet, A.K.; Medelli_n, R.A. The species–area relationship in bat assemblages of tropical caves. J. Mamm. 2001, 82(4), 1114-1122. "
		Glossophaga soricina							http://purl.obolibrary.org/obo/RO_0008506	ecologically co-occurs with			Myotis thysanodes												10.1644/1545-1542(2001)082<1114:TSARIB>2.0.CO;2	https://academic.oup.com/jmammal/article/82/4/1114/2372842?login=true	"Brunet, A.K.; Medelli_n, R.A. The species–area relationship in bat assemblages of tropical caves. J. Mamm. 2001, 82(4), 1114-1122. "
		Glossophaga soricina							http://purl.obolibrary.org/obo/RO_0008506	ecologically co-occurs with			Myotis velifer												10.1644/1545-1542(2001)082<1114:TSARIB>2.0.CO;2	https://academic.oup.com/jmammal/article/82/4/1114/2372842?login=true	"Brunet, A.K.; Medelli_n, R.A. The species–area relationship in bat assemblages of tropical caves. J. Mamm. 2001, 82(4), 1114-1122. "
		Glossophaga soricina							http://purl.obolibrary.org/obo/RO_0008506	ecologically co-occurs with			Natalus stramineus												10.1644/1545-1542(2001)082<1114:TSARIB>2.0.CO;2	https://academic.oup.com/jmammal/article/82/4/1114/2372842?login=true	"Brunet, A.K.; Medelli_n, R.A. The species–area relationship in bat assemblages of tropical caves. J. Mamm. 2001, 82(4), 1114-1122. "
		Glossophaga soricina							http://purl.obolibrary.org/obo/RO_0008506	ecologically co-occurs with			Pteronotus parnellii												10.1644/1545-1542(2001)082<1114:TSARIB>2.0.CO;2	https://academic.oup.com/jmammal/article/82/4/1114/2372842?login=true	"Brunet, A.K.; Medelli_n, R.A. The species–area relationship in bat assemblages of tropical caves. J. Mamm. 2001, 82(4), 1114-1122. "
		Leptonycteris curasoae							http://purl.obolibrary.org/obo/RO_0008506	ecologically co-occurs with			Myotis nigricans												10.1644/1545-1542(2001)082<1114:TSARIB>2.0.CO;2	https://academic.oup.com/jmammal/article/82/4/1114/2372842?login=true	"Brunet, A.K.; Medelli_n, R.A. The species–area relationship in bat assemblages of tropical caves. J. Mamm. 2001, 82(4), 1114-1122. "
		Leptonycteris curasoae							http://purl.obolibrary.org/obo/RO_0008506	ecologically co-occurs with			Myotis velifer												10.1644/1545-1542(2001)082<1114:TSARIB>2.0.CO;2	https://academic.oup.com/jmammal/article/82/4/1114/2372842?login=true	"Brunet, A.K.; Medelli_n, R.A. The species–area relationship in bat assemblages of tropical caves. J. Mamm. 2001, 82(4), 1114-1122. "
		Leptonycteris curasoae							http://purl.obolibrary.org/obo/RO_0008506	ecologically co-occurs with			Natalus stramineus												10.1644/1545-1542(2001)082<1114:TSARIB>2.0.CO;2	https://academic.oup.com/jmammal/article/82/4/1114/2372842?login=true	"Brunet, A.K.; Medelli_n, R.A. The species–area relationship in bat assemblages of tropical caves. J. Mamm. 2001, 82(4), 1114-1122. "
		Leptonycteris curasoae							http://purl.obolibrary.org/obo/RO_0008506	ecologically co-occurs with			Pteronotus parnellii												10.1644/1545-1542(2001)082<1114:TSARIB>2.0.CO;2	https://academic.oup.com/jmammal/article/82/4/1114/2372842?login=true	"Brunet, A.K.; Medelli_n, R.A. The species–area relationship in bat assemblages of tropical caves. J. Mamm. 2001, 82(4), 1114-1122. "
		Micronycteris megalotis							http://purl.obolibrary.org/obo/RO_0008506	ecologically co-occurs with			Myotis velifer												10.1644/1545-1542(2001)082<1114:TSARIB>2.0.CO;2	https://academic.oup.com/jmammal/article/82/4/1114/2372842?login=true	"Brunet, A.K.; Medelli_n, R.A. The species–area relationship in bat assemblages of tropical caves. J. Mamm. 2001, 82(4), 1114-1122. "
		Micronycteris megalotis							http://purl.obolibrary.org/obo/RO_0008506	ecologically co-occurs with			Natalus stramineus												10.1644/1545-1542(2001)082<1114:TSARIB>2.0.CO;2	https://academic.oup.com/jmammal/article/82/4/1114/2372842?login=true	"Brunet, A.K.; Medelli_n, R.A. The species–area relationship in bat assemblages of tropical caves. J. Mamm. 2001, 82(4), 1114-1122. "
		Micronycteris megalotis							http://purl.obolibrary.org/obo/RO_0008506	ecologically co-occurs with			Pteronotus parnellii												10.1644/1545-1542(2001)082<1114:TSARIB>2.0.CO;2	https://academic.oup.com/jmammal/article/82/4/1114/2372842?login=true	"Brunet, A.K.; Medelli_n, R.A. The species–area relationship in bat assemblages of tropical caves. J. Mamm. 2001, 82(4), 1114-1122. "
		Myotis nigricans							http://purl.obolibrary.org/obo/RO_0008506	ecologically co-occurs with			Myotis velifer												10.1644/1545-1542(2001)082<1114:TSARIB>2.0.CO;2	https://academic.oup.com/jmammal/article/82/4/1114/2372842?login=true	"Brunet, A.K.; Medelli_n, R.A. The species–area relationship in bat assemblages of tropical caves. J. Mamm. 2001, 82(4), 1114-1122. "
		Myotis nigricans							http://purl.obolibrary.org/obo/RO_0008506	ecologically co-occurs with			Natalus stramineus												10.1644/1545-1542(2001)082<1114:TSARIB>2.0.CO;2	https://academic.oup.com/jmammal/article/82/4/1114/2372842?login=true	"Brunet, A.K.; Medelli_n, R.A. The species–area relationship in bat assemblages of tropical caves. J. Mamm. 2001, 82(4), 1114-1122. "
		Myotis nigricans							http://purl.obolibrary.org/obo/RO_0008506	ecologically co-occurs with			Pteronotus parnellii												10.1644/1545-1542(2001)082<1114:TSARIB>2.0.CO;2	https://academic.oup.com/jmammal/article/82/4/1114/2372842?login=true	"Brunet, A.K.; Medelli_n, R.A. The species–area relationship in bat assemblages of tropical caves. J. Mamm. 2001, 82(4), 1114-1122. "
		Myotis thysanodes							http://purl.obolibrary.org/obo/RO_0008506	ecologically co-occurs with			Natalus stramineus												10.1644/1545-1542(2001)082<1114:TSARIB>2.0.CO;2	https://academic.oup.com/jmammal/article/82/4/1114/2372842?login=true	"Brunet, A.K.; Medelli_n, R.A. The species–area relationship in bat assemblages of tropical caves. J. Mamm. 2001, 82(4), 1114-1122. "
		Myotis velifer							http://purl.obolibrary.org/obo/RO_0008506	ecologically co-occurs with			Natalus stramineus												10.1644/1545-1542(2001)082<1114:TSARIB>2.0.CO;2	https://academic.oup.com/jmammal/article/82/4/1114/2372842?login=true	"Brunet, A.K.; Medelli_n, R.A. The species–area relationship in bat assemblages of tropical caves. J. Mamm. 2001, 82(4), 1114-1122. "
		Myotis velifer							http://purl.obolibrary.org/obo/RO_0008506	ecologically co-occurs with			Pteronotus parnellii												10.1644/1545-1542(2001)082<1114:TSARIB>2.0.CO;2	https://academic.oup.com/jmammal/article/82/4/1114/2372842?login=true	"Brunet, A.K.; Medelli_n, R.A. The species–area relationship in bat assemblages of tropical caves. J. Mamm. 2001, 82(4), 1114-1122. "
		Natalus stramineus							http://purl.obolibrary.org/obo/RO_0008506	ecologically co-occurs with			Pteronotus parnellii												10.1644/1545-1542(2001)082<1114:TSARIB>2.0.CO;2	https://academic.oup.com/jmammal/article/82/4/1114/2372842?login=true	"Brunet, A.K.; Medelli_n, R.A. The species–area relationship in bat assemblages of tropical caves. J. Mamm. 2001, 82(4), 1114-1122. "
		Miniopterus schreibersii							http://purl.obolibrary.org/obo/RO_0008506	ecologically co-occurs with			Cynopterus brachyotis												10.1016/j.biocon.2016.06.023	https://www.sciencedirect.com/science/article/pii/S0006320716302476?casa_token=h2qohQwTLhcAAAAA:FNcHUXO16lsUpRF9wiVLtEt9W1MhXmrRvaJJbQobhi1yUl2U0xPetQZ82e69qHijPjzXzwI69Q	"Phelps, K.; Jose, R.; Labonite, M.; Kingston, T. Correlates of cave-roosting bat diversity as an effective tool to identify priority caves. Biolog. Cons. 2016, 201, 201-209."
		Miniopterus schreibersii							http://purl.obolibrary.org/obo/RO_0008506	ecologically co-occurs with			Eonycteris spelaea												10.1016/j.biocon.2016.06.023	https://www.sciencedirect.com/science/article/pii/S0006320716302476?casa_token=h2qohQwTLhcAAAAA:FNcHUXO16lsUpRF9wiVLtEt9W1MhXmrRvaJJbQobhi1yUl2U0xPetQZ82e69qHijPjzXzwI69Q	"Phelps, K.; Jose, R.; Labonite, M.; Kingston, T. Correlates of cave-roosting bat diversity as an effective tool to identify priority caves. Biolog. Cons. 2016, 201, 201-209."
		Miniopterus schreibersii							http://purl.obolibrary.org/obo/RO_0008506	ecologically co-occurs with			Hipposideros diadema												10.1016/j.biocon.2016.06.023	https://www.sciencedirect.com/science/article/pii/S0006320716302476?casa_token=h2qohQwTLhcAAAAA:FNcHUXO16lsUpRF9wiVLtEt9W1MhXmrRvaJJbQobhi1yUl2U0xPetQZ82e69qHijPjzXzwI69Q	"Phelps, K.; Jose, R.; Labonite, M.; Kingston, T. Correlates of cave-roosting bat diversity as an effective tool to identify priority caves. Biolog. Cons. 2016, 201, 201-209."
		Miniopterus schreibersii							http://purl.obolibrary.org/obo/RO_0008506	ecologically co-occurs with			Rhinolophus macrotis												10.1016/j.biocon.2016.06.023	https://www.sciencedirect.com/science/article/pii/S0006320716302476?casa_token=h2qohQwTLhcAAAAA:FNcHUXO16lsUpRF9wiVLtEt9W1MhXmrRvaJJbQobhi1yUl2U0xPetQZ82e69qHijPjzXzwI69Q	"Phelps, K.; Jose, R.; Labonite, M.; Kingston, T. Correlates of cave-roosting bat diversity as an effective tool to identify priority caves. Biolog. Cons. 2016, 201, 201-209."
		Miniopterus schreibersii							http://purl.obolibrary.org/obo/RO_0008506	ecologically co-occurs with			Rousettus amplexicaudatus												10.1016/j.biocon.2016.06.023	https://www.sciencedirect.com/science/article/pii/S0006320716302476?casa_token=h2qohQwTLhcAAAAA:FNcHUXO16lsUpRF9wiVLtEt9W1MhXmrRvaJJbQobhi1yUl2U0xPetQZ82e69qHijPjzXzwI69Q	"Phelps, K.; Jose, R.; Labonite, M.; Kingston, T. Correlates of cave-roosting bat diversity as an effective tool to identify priority caves. Biolog. Cons. 2016, 201, 201-209."
		Miniopterus schreibersii							http://purl.obolibrary.org/obo/RO_0008506	ecologically co-occurs with			Taphozous melanopogon												10.1016/j.biocon.2016.06.023	https://www.sciencedirect.com/science/article/pii/S0006320716302476?casa_token=h2qohQwTLhcAAAAA:FNcHUXO16lsUpRF9wiVLtEt9W1MhXmrRvaJJbQobhi1yUl2U0xPetQZ82e69qHijPjzXzwI69Q	"Phelps, K.; Jose, R.; Labonite, M.; Kingston, T. Correlates of cave-roosting bat diversity as an effective tool to identify priority caves. Biolog. Cons. 2016, 201, 201-209."
		Tadarida plicata							http://purl.obolibrary.org/obo/RO_0008506	ecologically co-occurs with			Rousettus amplexicaudatus												10.1016/j.biocon.2016.06.023	https://www.sciencedirect.com/science/article/pii/S0006320716302476?casa_token=h2qohQwTLhcAAAAA:FNcHUXO16lsUpRF9wiVLtEt9W1MhXmrRvaJJbQobhi1yUl2U0xPetQZ82e69qHijPjzXzwI69Q	"Phelps, K.; Jose, R.; Labonite, M.; Kingston, T. Correlates of cave-roosting bat diversity as an effective tool to identify priority caves. Biolog. Cons. 2016, 201, 201-209."
		Cynopterus brachyotis							http://purl.obolibrary.org/obo/RO_0008506	ecologically co-occurs with			Hipposideros diadema												10.1016/j.biocon.2016.06.023	https://www.sciencedirect.com/science/article/pii/S0006320716302476?casa_token=h2qohQwTLhcAAAAA:FNcHUXO16lsUpRF9wiVLtEt9W1MhXmrRvaJJbQobhi1yUl2U0xPetQZ82e69qHijPjzXzwI69Q	"Phelps, K.; Jose, R.; Labonite, M.; Kingston, T. Correlates of cave-roosting bat diversity as an effective tool to identify priority caves. Biolog. Cons. 2016, 201, 201-209."
		Eonycteris spelaea							http://purl.obolibrary.org/obo/RO_0008506	ecologically co-occurs with			Rhinolophus macrotis												10.1016/j.biocon.2016.06.023	https://www.sciencedirect.com/science/article/pii/S0006320716302476?casa_token=h2qohQwTLhcAAAAA:FNcHUXO16lsUpRF9wiVLtEt9W1MhXmrRvaJJbQobhi1yUl2U0xPetQZ82e69qHijPjzXzwI69Q	"Phelps, K.; Jose, R.; Labonite, M.; Kingston, T. Correlates of cave-roosting bat diversity as an effective tool to identify priority caves. Biolog. Cons. 2016, 201, 201-209."
		Eonycteris spelaea							http://purl.obolibrary.org/obo/RO_0008506	ecologically co-occurs with			Rousettus amplexicaudatus												10.1016/j.biocon.2016.06.023	https://www.sciencedirect.com/science/article/pii/S0006320716302476?casa_token=h2qohQwTLhcAAAAA:FNcHUXO16lsUpRF9wiVLtEt9W1MhXmrRvaJJbQobhi1yUl2U0xPetQZ82e69qHijPjzXzwI69Q	"Phelps, K.; Jose, R.; Labonite, M.; Kingston, T. Correlates of cave-roosting bat diversity as an effective tool to identify priority caves. Biolog. Cons. 2016, 201, 201-209."
		Hipposideros diadema							http://purl.obolibrary.org/obo/RO_0008506	ecologically co-occurs with			Rhinolophus macrotis												10.1016/j.biocon.2016.06.023	https://www.sciencedirect.com/science/article/pii/S0006320716302476?casa_token=h2qohQwTLhcAAAAA:FNcHUXO16lsUpRF9wiVLtEt9W1MhXmrRvaJJbQobhi1yUl2U0xPetQZ82e69qHijPjzXzwI69Q	"Phelps, K.; Jose, R.; Labonite, M.; Kingston, T. Correlates of cave-roosting bat diversity as an effective tool to identify priority caves. Biolog. Cons. 2016, 201, 201-209."
		Hipposideros diadema							http://purl.obolibrary.org/obo/RO_0008506	ecologically co-occurs with			Rousettus amplexicaudatus												10.1016/j.biocon.2016.06.023	https://www.sciencedirect.com/science/article/pii/S0006320716302476?casa_token=h2qohQwTLhcAAAAA:FNcHUXO16lsUpRF9wiVLtEt9W1MhXmrRvaJJbQobhi1yUl2U0xPetQZ82e69qHijPjzXzwI69Q	"Phelps, K.; Jose, R.; Labonite, M.; Kingston, T. Correlates of cave-roosting bat diversity as an effective tool to identify priority caves. Biolog. Cons. 2016, 201, 201-209."
		Corynorhinus townsendii							http://purl.obolibrary.org/obo/RO_0008506	ecologically co-occurs with			Leptonycteris nivalis												10.2307/3504229	https://academic.oup.com/mspecies/article/doi/10.2307/3504229/2600311	"Hensley, A.P.; Wilkins, K.T. Leptonycteris nivalis. Mamm. Species 1988, 307, 1-4. "
		Leptonycteris curasoae							http://purl.obolibrary.org/obo/RO_0008506	ecologically co-occurs with			Mormoops megalophylla												10.2307/1382849	https://academic.oup.com/jmammal/article/79/1/147/841906	"Fleming, T.H.; Nelson, A.A.; Dalton, V.M. Roosting behavior of the lesser long-nosed bat, Leptonycteris curasoae. J. Mammal. 1998, 79, 147-155."
		Leptonycteris curasoae							http://purl.obolibrary.org/obo/RO_0008506	ecologically co-occurs with			Natalus stramineus												10.2307/1382849	https://academic.oup.com/jmammal/article/79/1/147/841906	"Fleming, T.H.; Nelson, A.A.; Dalton, V.M. Roosting behavior of the lesser long-nosed bat, Leptonycteris curasoae. J. Mammal. 1998, 79, 147-155."
		Leptonycteris curasoae							http://purl.obolibrary.org/obo/RO_0008506	ecologically co-occurs with			Tadarida brasiliensis												10.2307/1382849	https://academic.oup.com/jmammal/article/79/1/147/841906	"Fleming, T.H.; Nelson, A.A.; Dalton, V.M. Roosting behavior of the lesser long-nosed bat, Leptonycteris curasoae. J. Mammal. 1998, 79, 147-155."
		Carollia perspicillata							http://purl.obolibrary.org/obo/RO_0008506	ecologically co-occurs with			Micronycteris megalotis												10.2307/3504268	https://academic.oup.com/mspecies/article/doi/10.2307/3504268/2600653	"Alonso-Mejía, A.; Medellín, R.A. Micronycteris megalotis. Mamm. Species 1991, 376, 1-6."
		Carollia subrufa							http://purl.obolibrary.org/obo/RO_0008506	ecologically co-occurs with			Micronycteris megalotis												10.2307/3504268	https://academic.oup.com/mspecies/article/doi/10.2307/3504268/2600653	"Alonso-Mejía, A.; Medellín, R.A. Micronycteris megalotis. Mamm. Species 1991, 376, 1-6."
		Desmodus rotundus							http://purl.obolibrary.org/obo/RO_0008506	ecologically co-occurs with			Micronycteris megalotis												10.2307/3504268	https://academic.oup.com/mspecies/article/doi/10.2307/3504268/2600653	"Alonso-Mejía, A.; Medellín, R.A. Micronycteris megalotis. Mamm. Species 1991, 376, 1-6."
		Diphylla ecaudata							http://purl.obolibrary.org/obo/RO_0008506	ecologically co-occurs with			Micronycteris megalotis												10.2307/3504268	https://academic.oup.com/mspecies/article/doi/10.2307/3504268/2600653	"Alonso-Mejía, A.; Medellín, R.A. Micronycteris megalotis. Mamm. Species 1991, 376, 1-6."
		Glossophaga longirostris							http://purl.obolibrary.org/obo/RO_0008506	ecologically co-occurs with			Micronycteris megalotis												10.2307/3504268	https://academic.oup.com/mspecies/article/doi/10.2307/3504268/2600653	"Alonso-Mejía, A.; Medellín, R.A. Micronycteris megalotis. Mamm. Species 1991, 376, 1-6."
		Glossophaga soricina							http://purl.obolibrary.org/obo/RO_0008506	ecologically co-occurs with			Micronycteris megalotis												10.2307/3504268	https://academic.oup.com/mspecies/article/doi/10.2307/3504268/2600653	"Alonso-Mejía, A.; Medellín, R.A. Micronycteris megalotis. Mamm. Species 1991, 376, 1-6."
		Micronycteris megalotis							http://purl.obolibrary.org/obo/RO_0008506	ecologically co-occurs with			Myotis nigricans												10.2307/3504268	https://academic.oup.com/mspecies/article/doi/10.2307/3504268/2600653	"Alonso-Mejía, A.; Medellín, R.A. Micronycteris megalotis. Mamm. Species 1991, 376, 1-6."
		Micronycteris megalotis							http://purl.obolibrary.org/obo/RO_0008506	ecologically co-occurs with			Natalus tumidirostris												10.2307/3504268	https://academic.oup.com/mspecies/article/doi/10.2307/3504268/2600653	"Alonso-Mejía, A.; Medellín, R.A. Micronycteris megalotis. Mamm. Species 1991, 376, 1-6."
		Micronycteris megalotis							http://purl.obolibrary.org/obo/RO_0008506	ecologically co-occurs with			Phyllostomus hastatus												10.2307/3504268	https://academic.oup.com/mspecies/article/doi/10.2307/3504268/2600653	"Alonso-Mejía, A.; Medellín, R.A. Micronycteris megalotis. Mamm. Species 1991, 376, 1-6."
		Micronycteris megalotis							http://purl.obolibrary.org/obo/RO_0008506	ecologically co-occurs with			Pteronotus parnellii												10.2307/3504268	https://academic.oup.com/mspecies/article/doi/10.2307/3504268/2600653	"Alonso-Mejía, A.; Medellín, R.A. Micronycteris megalotis. Mamm. Species 1991, 376, 1-6."
		Molossus molossus							http://purl.obolibrary.org/obo/RO_0008506	ecologically co-occurs with			Myotis nigricans												10.2307/3503847	https://www.jstor.org/stable/3503847	"Wilson, D.E.; LaVal, R.K. Myotis nigricans. Mamm. Species 1974, 39, 1-3. "
		Myotis nigricans							http://purl.obolibrary.org/obo/RO_0008506	ecologically co-occurs with			Phyllostomus hastatus												10.2307/3503847	https://www.jstor.org/stable/3503847	"Wilson, D.E.; LaVal, R.K. Myotis nigricans. Mamm. Species 1974, 39, 1-3. "
		Myotis velifer							http://purl.obolibrary.org/obo/RO_0008506	ecologically co-occurs with			Myotis yumanensis												10.2307/3504035	https://academic.oup.com/mspecies/article/doi/10.2307/3504035/2600234	"Fitch, J.H.; Shump, K.A.; Shump, A.U. Myotis velifer. Mamm. Species 1981, 149, 1-5."
		Myotis velifer							http://purl.obolibrary.org/obo/RO_0008506	ecologically co-occurs with			Tadarida brasiliensis												10.2307/3504035	https://academic.oup.com/mspecies/article/doi/10.2307/3504035/2600234	"Fitch, J.H.; Shump, K.A.; Shump, A.U. Myotis velifer. Mamm. Species 1981, 149, 1-5."
		Artibeus jamaicensis							http://purl.obolibrary.org/obo/RO_0008506	ecologically co-occurs with			Natalus stramineus												10.1590/S0073-47212001000200018 	https://www.scielo.br/scielo.php?pid=S0073-47212001000200018&script=sci_arttext	"Taddei, V.A.; Uieda, W. Distribution and morphometrics of Natalus stramineus from South America (Chiroptera, Natalidae). Iheringia. Série Zoologia 2001, 91, 123-132."
		Chrotopterus auritus							http://purl.obolibrary.org/obo/RO_0008506	ecologically co-occurs with			Natalus stramineus												10.1590/S0073-47212001000200018 	https://www.scielo.br/scielo.php?pid=S0073-47212001000200018&script=sci_arttext	"Taddei, V.A.; Uieda, W. Distribution and morphometrics of Natalus stramineus from South America (Chiroptera, Natalidae). Iheringia. Série Zoologia 2001, 91, 123-132."
		Natalus stramineus							http://purl.obolibrary.org/obo/RO_0008506	ecologically co-occurs with			Platyrrhinus lineatus												10.1590/S0073-47212001000200018 	https://www.scielo.br/scielo.php?pid=S0073-47212001000200018&script=sci_arttext	"Taddei, V.A.; Uieda, W. Distribution and morphometrics of Natalus stramineus from South America (Chiroptera, Natalidae). Iheringia. Série Zoologia 2001, 91, 123-132."
		Natalus stramineus							http://purl.obolibrary.org/obo/RO_0008506	ecologically co-occurs with			Tonatia bidens												10.1590/S0073-47212001000200018 	https://www.scielo.br/scielo.php?pid=S0073-47212001000200018&script=sci_arttext	"Taddei, V.A.; Uieda, W. Distribution and morphometrics of Natalus stramineus from South America (Chiroptera, Natalidae). Iheringia. Série Zoologia 2001, 91, 123-132."
		Artibeus lituratus							http://purl.obolibrary.org/obo/RO_0008506	ecologically co-occurs with			Diaemus youngi												10.2307/3504240	https://academic.oup.com/mspecies/article-abstract/doi/10.2307/3504240/2600729	"Greenhall, A.M.; Schutt, W.A. Diaemus youngi. Mamm. Species 1996, 533, 1-7. "
		Carollia perspicillata							http://purl.obolibrary.org/obo/RO_0008506	ecologically co-occurs with			Diaemus youngi												10.2307/3504240	https://academic.oup.com/mspecies/article-abstract/doi/10.2307/3504240/2600729	"Greenhall, A.M.; Schutt, W.A. Diaemus youngi. Mamm. Species 1996, 533, 1-7. "
		Chrotopterus auritus							http://purl.obolibrary.org/obo/RO_0008506	ecologically co-occurs with			Diaemus youngi												10.2307/3504240	https://academic.oup.com/mspecies/article-abstract/doi/10.2307/3504240/2600729	"Greenhall, A.M.; Schutt, W.A. Diaemus youngi. Mamm. Species 1996, 533, 1-7. "
		Desmodus rotundus							http://purl.obolibrary.org/obo/RO_0008506	ecologically co-occurs with			Diaemus youngi												10.2307/3504240	https://academic.oup.com/mspecies/article-abstract/doi/10.2307/3504240/2600729	"Greenhall, A.M.; Schutt, W.A. Diaemus youngi. Mamm. Species 1996, 533, 1-7. "
		Diaemus youngi							http://purl.obolibrary.org/obo/RO_0008506	ecologically co-occurs with			Glossophaga soricina												10.2307/3504240	https://academic.oup.com/mspecies/article-abstract/doi/10.2307/3504240/2600729	"Greenhall, A.M.; Schutt, W.A. Diaemus youngi. Mamm. Species 1996, 533, 1-7. "
		Diaemus youngi							http://purl.obolibrary.org/obo/RO_0008506	ecologically co-occurs with			Phyllostomus hastatus												10.2307/3504240	https://academic.oup.com/mspecies/article-abstract/doi/10.2307/3504240/2600729	"Greenhall, A.M.; Schutt, W.A. Diaemus youngi. Mamm. Species 1996, 533, 1-7. "
		Diaemus youngi							http://purl.obolibrary.org/obo/RO_0008506	ecologically co-occurs with			Pteronotus parnellii												10.2307/3504240	https://academic.oup.com/mspecies/article-abstract/doi/10.2307/3504240/2600729	"Greenhall, A.M.; Schutt, W.A. Diaemus youngi. Mamm. Species 1996, 533, 1-7. "
		Diaemus youngi							http://purl.obolibrary.org/obo/RO_0008506	ecologically co-occurs with			Sturnira lilium												10.2307/3504240	https://academic.oup.com/mspecies/article-abstract/doi/10.2307/3504240/2600729	"Greenhall, A.M.; Schutt, W.A. Diaemus youngi. Mamm. Species 1996, 533, 1-7. "
		Mormoops megalophylla							http://purl.obolibrary.org/obo/RO_0008506	ecologically co-occurs with			Tadarida brasiliensis												10.2307/3504148	https://academic.oup.com/mspecies/article/doi/10.2307/3504148/2600634	"Wilkins, K.T. Tadarida brasiliensis. Mamm. Species 1989, 331, 1-10."
		Myotis austroriparius							http://purl.obolibrary.org/obo/RO_0008506	ecologically co-occurs with			Tadarida brasiliensis												10.2307/3504148	https://academic.oup.com/mspecies/article/doi/10.2307/3504148/2600634	"Wilkins, K.T. Tadarida brasiliensis. Mamm. Species 1989, 331, 1-10."
		Myotis velifer							http://purl.obolibrary.org/obo/RO_0008506	ecologically co-occurs with			Tadarida brasiliensis												10.2307/3504148	https://academic.oup.com/mspecies/article/doi/10.2307/3504148/2600634	"Wilkins, K.T. Tadarida brasiliensis. Mamm. Species 1989, 331, 1-10."
		Nycticeius humeralis							http://purl.obolibrary.org/obo/RO_0008506	ecologically co-occurs with			Tadarida brasiliensis												10.2307/3504148	https://academic.oup.com/mspecies/article/doi/10.2307/3504148/2600634	"Wilkins, K.T. Tadarida brasiliensis. Mamm. Species 1989, 331, 1-10."
		Corynorhinus townsendii							http://purl.obolibrary.org/obo/RO_0008506	ecologically co-occurs with			Eptesicus fuscus												10.2307/3503998	https://www.jstor.org/stable/3503998	"Kunz, T.H.; Martin, R.A. Plecotus townsendii. Mamm. Species 1982, 175, 1-6. "
		Corynorhinus townsendii							http://purl.obolibrary.org/obo/RO_0008506	ecologically co-occurs with			Myotis californicus												10.2307/3503998	https://www.jstor.org/stable/3503998	"Kunz, T.H.; Martin, R.A. Plecotus townsendii. Mamm. Species 1982, 175, 1-6. "
		Corynorhinus townsendii							http://purl.obolibrary.org/obo/RO_0008506	ecologically co-occurs with			Myotis leibii												10.2307/3503998	https://www.jstor.org/stable/3503998	"Kunz, T.H.; Martin, R.A. Plecotus townsendii. Mamm. Species 1982, 175, 1-6. "
		Corynorhinus townsendii							http://purl.obolibrary.org/obo/RO_0008506	ecologically co-occurs with			Myotis velifer												10.2307/3503998	https://www.jstor.org/stable/3503998	"Kunz, T.H.; Martin, R.A. Plecotus townsendii. Mamm. Species 1982, 175, 1-6. "
		Leptonycteris curasoae							http://purl.obolibrary.org/obo/RO_0008506	ecologically co-occurs with			Mormoops megalophylla												10.2307/3504289	https://academic.oup.com/mspecies/article/doi/10.2307/3504289/2600377	"Rezsutek, M.; Cameron, G.N. Mormoops megalophylla. Mamm. Species 1993, 448, 1-5."
		Mormoops megalophylla							http://purl.obolibrary.org/obo/RO_0008506	ecologically co-occurs with			Myotis velifer												10.2307/3504289	https://academic.oup.com/mspecies/article/doi/10.2307/3504289/2600377	"Rezsutek, M.; Cameron, G.N. Mormoops megalophylla. Mamm. Species 1993, 448, 1-5."
		Mormoops megalophylla							http://purl.obolibrary.org/obo/RO_0008506	ecologically co-occurs with			Pteronotus davyi												10.2307/3504289	https://academic.oup.com/mspecies/article/doi/10.2307/3504289/2600377	"Rezsutek, M.; Cameron, G.N. Mormoops megalophylla. Mamm. Species 1993, 448, 1-5."
		Mormoops megalophylla							http://purl.obolibrary.org/obo/RO_0008506	ecologically co-occurs with			Pteronotus parnellii												10.2307/3504289	https://academic.oup.com/mspecies/article/doi/10.2307/3504289/2600377	"Rezsutek, M.; Cameron, G.N. Mormoops megalophylla. Mamm. Species 1993, 448, 1-5."
		Tadarida plicata							http://purl.obolibrary.org/obo/RO_0008506	ecologically co-occurs with			Taphozous theobaldi												10.2305/IUCN.UK.2019-3.RLTS.T21465A22109663.en.	https://www.iucnredlist.org/species/21465/22109663	"Bates, P.; Bumrungsri, S.; Walston, J.; Molur, S.; Srinivasulu, C. Taphozous theobaldi. The IUCN Red List of Threatened Species 2008, e.T21465A9283242. http://dx.doi.org/10.2305/IUCN.UK.2008.RLTS.T21465A9283242.en. Downloaded on 26 February 2017."""
		Taphozous melanopogon							http://purl.obolibrary.org/obo/RO_0008506	ecologically co-occurs with			Taphozous theobaldi												10.2305/IUCN.UK.2019-3.RLTS.T21465A22109663.en.	https://www.iucnredlist.org/species/21465/22109663	"Bates, P.; Bumrungsri, S.; Walston, J.; Molur, S.; Srinivasulu, C. Taphozous theobaldi. The IUCN Red List of Threatened Species 2008, e.T21465A9283242. http://dx.doi.org/10.2305/IUCN.UK.2008.RLTS.T21465A9283242.en. Downloaded on 26 February 2017."""
		Myotis austroriparius							http://purl.obolibrary.org/obo/RO_0008506	ecologically co-occurs with			Myotis lucifugus												10.2307/3504306	https://academic.oup.com/mspecies/article-abstract/doi/10.2307/3504306/2600323	"Jones, C.; Manning, R.W. Myotis austroriparius. Mamm. Species 1989, 332, 1-3. "
		Myotis austroriparius							http://purl.obolibrary.org/obo/RO_0008506	ecologically co-occurs with			Pipistrellus subflavus												10.2307/3504306	https://academic.oup.com/mspecies/article-abstract/doi/10.2307/3504306/2600323	"Jones, C.; Manning, R.W. Myotis austroriparius. Mamm. Species 1989, 332, 1-3. "
		Myotis austroriparius							http://purl.obolibrary.org/obo/RO_0008506	ecologically co-occurs with			Tadarida brasiliensis												10.2307/3504306	https://academic.oup.com/mspecies/article-abstract/doi/10.2307/3504306/2600323	"Jones, C.; Manning, R.W. Myotis austroriparius. Mamm. Species 1989, 332, 1-3. "
		Myotis austroriparius							http://purl.obolibrary.org/obo/RO_0008506	ecologically co-occurs with			Myotis grisescens												10.2307/3504084	https://www.jstor.org/stable/3504084	"Decher, J.; Choate, J.R. Myotis grisescens. Mamm. Species 1995, 510, 1-7 "
		Myotis grisescens							http://purl.obolibrary.org/obo/RO_0008506	ecologically co-occurs with			Pipistrellus subflavus												10.2307/3504084	https://www.jstor.org/stable/3504084	"Decher, J.; Choate, J.R. Myotis grisescens. Mamm. Species 1995, 510, 1-7 "
		Eptesicus fuscus							http://purl.obolibrary.org/obo/RO_0008506	ecologically co-occurs with			Myotis keenii												10.2307/3503850/2600052	https://academic.oup.com/mspecies/article-abstract/doi/10.2307/3503850/2600052	"Fitch, J.H.; Shump, K.A. Myotis keenii. Mamm. Species 1979, 121, 1-3. "
		Myotis keenii							http://purl.obolibrary.org/obo/RO_0008506	ecologically co-occurs with			Myotis leibii												10.2307/3503850/2600052	https://academic.oup.com/mspecies/article-abstract/doi/10.2307/3503850/2600052	"Fitch, J.H.; Shump, K.A. Myotis keenii. Mamm. Species 1979, 121, 1-3. "
		Myotis keenii							http://purl.obolibrary.org/obo/RO_0008506	ecologically co-occurs with			Myotis lucifugus												10.2307/3503850/2600052	https://academic.oup.com/mspecies/article-abstract/doi/10.2307/3503850/2600052	"Fitch, J.H.; Shump, K.A. Myotis keenii. Mamm. Species 1979, 121, 1-3. "
																									10.2307/3503850/2600052	https://academic.oup.com/mspecies/article-abstract/doi/10.2307/3503850/2600052	"Fitch, J.H.; Shump, K.A. Myotis keenii. Mamm. Species 1979, 121, 1-3. "
		Eptesicus fuscus							http://purl.obolibrary.org/obo/RO_0008506	ecologically co-occurs with			Myotis leibii												10.2307/3504255	https://academic.oup.com/mspecies/article/doi/10.2307/3504255/2600411	"Best, T.L.; Jennings, J.B. Myotis leibii. Mamm. Species 1997, 547, 1-6. "
		Myotis keenii							http://purl.obolibrary.org/obo/RO_0008506	ecologically co-occurs with			Myotis lucifugus												10.2307/3504255	https://academic.oup.com/mspecies/article/doi/10.2307/3504255/2600411	"Best, T.L.; Jennings, J.B. Myotis leibii. Mamm. Species 1997, 547, 1-6. "
		Myotis keenii							http://purl.obolibrary.org/obo/RO_0008506	ecologically co-occurs with			Myotis septentrionalis												10.2307/3504255	https://academic.oup.com/mspecies/article/doi/10.2307/3504255/2600411	"Best, T.L.; Jennings, J.B. Myotis leibii. Mamm. Species 1997, 547, 1-6. "
		Myotis keenii							http://purl.obolibrary.org/obo/RO_0008506	ecologically co-occurs with			Pipistrellus subflavus												10.2307/3504255	https://academic.oup.com/mspecies/article/doi/10.2307/3504255/2600411	"Best, T.L.; Jennings, J.B. Myotis leibii. Mamm. Species 1997, 547, 1-6. "
		Myotis leibii							http://purl.obolibrary.org/obo/RO_0008506	ecologically co-occurs with			Myotis lucifugus												10.2307/3504255	https://academic.oup.com/mspecies/article/doi/10.2307/3504255/2600411	"Best, T.L.; Jennings, J.B. Myotis leibii. Mamm. Species 1997, 547, 1-6. "
		Myotis leibii							http://purl.obolibrary.org/obo/RO_0008506	ecologically co-occurs with			Myotis septentrionalis												10.2307/3504255	https://academic.oup.com/mspecies/article/doi/10.2307/3504255/2600411	"Best, T.L.; Jennings, J.B. Myotis leibii. Mamm. Species 1997, 547, 1-6. "
		Myotis leibii							http://purl.obolibrary.org/obo/RO_0008506	ecologically co-occurs with			Pipistrellus subflavus												10.2307/3504255	https://academic.oup.com/mspecies/article/doi/10.2307/3504255/2600411	"Best, T.L.; Jennings, J.B. Myotis leibii. Mamm. Species 1997, 547, 1-6. "
		Carollia perspicillata							http://purl.obolibrary.org/obo/RO_0008506	ecologically co-occurs with			Noctilio leporinus												10.2307/3503809	https://academic.oup.com/mspecies/article/doi/10.2307/3503809/2600573	"Hood, C.S.; Jones, J.K. Noctilio leporinus. Mamm. Species 1984, 216, 1-7."
		Desmodus rotundus							http://purl.obolibrary.org/obo/RO_0008506	ecologically co-occurs with			Noctilio leporinus												10.2307/3503809	https://academic.oup.com/mspecies/article/doi/10.2307/3503809/2600573	"Hood, C.S.; Jones, J.K. Noctilio leporinus. Mamm. Species 1984, 216, 1-7."
		Glossophaga soricina							http://purl.obolibrary.org/obo/RO_0008506	ecologically co-occurs with			Noctilio leporinus												10.2307/3503809	https://academic.oup.com/mspecies/article/doi/10.2307/3503809/2600573	"Hood, C.S.; Jones, J.K. Noctilio leporinus. Mamm. Species 1984, 216, 1-7."
		Mormoops megalophylla							http://purl.obolibrary.org/obo/RO_0008506	ecologically co-occurs with			Noctilio leporinus												10.2307/3503809	https://academic.oup.com/mspecies/article/doi/10.2307/3503809/2600573	"Hood, C.S.; Jones, J.K. Noctilio leporinus. Mamm. Species 1984, 216, 1-7."
		Eptesicus fuscus							http://purl.obolibrary.org/obo/RO_0008506	ecologically co-occurs with			Myotis septentrionalis												10.1644/1545-1410(2000)634<0001:MS>2.0.CO;2	https://bioone.org/journals/mammalian-species/volume-48/issue-634/1545-1410(2000)634%3C0001:MS%3E2.0.CO;2/Myotis-septentrionalis/10.1644/1545-1410(2000)634%3C0001:MS%3E2.0.CO;2.full?casa_token=A9l8d3jhRy0AAAAA:dY_m2c_Dn89Nhv4LLNBu8Gplv-l5rqIte_cDvtTXQ4gbWO-L_RJ-7tzHFWEmS4aqCefqm3q1	"Caceres, M.C.; Barclay, R.M. Myotis septentrionalis. Mamm. Species 2000, 634, 1-4. "
		Myotis lucifugus							http://purl.obolibrary.org/obo/RO_0008506	ecologically co-occurs with			Myotis septentrionalis												10.1644/1545-1410(2000)634<0001:MS>2.0.CO;2	https://bioone.org/journals/mammalian-species/volume-48/issue-634/1545-1410(2000)634%3C0001:MS%3E2.0.CO;2/Myotis-septentrionalis/10.1644/1545-1410(2000)634%3C0001:MS%3E2.0.CO;2.full?casa_token=A9l8d3jhRy0AAAAA:dY_m2c_Dn89Nhv4LLNBu8Gplv-l5rqIte_cDvtTXQ4gbWO-L_RJ-7tzHFWEmS4aqCefqm3q1	"Caceres, M.C.; Barclay, R.M. Myotis septentrionalis. Mamm. Species 2000, 634, 1-4. "
		Myotis septentrionalis							http://purl.obolibrary.org/obo/RO_0008506	ecologically co-occurs with			Pipistrellus subflavus												10.1644/1545-1410(2000)634<0001:MS>2.0.CO;2	https://bioone.org/journals/mammalian-species/volume-48/issue-634/1545-1410(2000)634%3C0001:MS%3E2.0.CO;2/Myotis-septentrionalis/10.1644/1545-1410(2000)634%3C0001:MS%3E2.0.CO;2.full?casa_token=A9l8d3jhRy0AAAAA:dY_m2c_Dn89Nhv4LLNBu8Gplv-l5rqIte_cDvtTXQ4gbWO-L_RJ-7tzHFWEmS4aqCefqm3q1	"Caceres, M.C.; Barclay, R.M. Myotis septentrionalis. Mamm. Species 2000, 634, 1-4. "
		Miniopterus schreibersii							http://purl.obolibrary.org/obo/RO_0008506	ecologically co-occurs with			Nycteris thebaica												10.2307/3504526	https://academic.oup.com/mspecies/article-abstract/doi/10.2307/3504526/2600765	"Gray, P.A.; Fenton, M.B.; Cakenberghe V.V. Nycteris thebaica. Mamm. Species 1999, 612, 1-8."
		Hipposideros caffer							http://purl.obolibrary.org/obo/RO_0008506	ecologically co-occurs with			Nycteris thebaica												10.2307/3504526	https://academic.oup.com/mspecies/article-abstract/doi/10.2307/3504526/2600765	"Gray, P.A.; Fenton, M.B.; Cakenberghe V.V. Nycteris thebaica. Mamm. Species 1999, 612, 1-8."
		Nycteris thebaica							http://purl.obolibrary.org/obo/RO_0008506	ecologically co-occurs with			Rhinolophus blasii												10.2307/3504526	https://academic.oup.com/mspecies/article-abstract/doi/10.2307/3504526/2600765	"Gray, P.A.; Fenton, M.B.; Cakenberghe V.V. Nycteris thebaica. Mamm. Species 1999, 612, 1-8."
		Nycteris thebaica							http://purl.obolibrary.org/obo/RO_0008506	ecologically co-occurs with			Rousettus aegyptiacus												10.2307/3504526	https://academic.oup.com/mspecies/article-abstract/doi/10.2307/3504526/2600765	"Gray, P.A.; Fenton, M.B.; Cakenberghe V.V. Nycteris thebaica. Mamm. Species 1999, 612, 1-8."
		Nycteris thebaica							http://purl.obolibrary.org/obo/RO_0008506	ecologically co-occurs with			Rousettus amplexicaudatus												10.2307/3504526	https://academic.oup.com/mspecies/article-abstract/doi/10.2307/3504526/2600765	"Gray, P.A.; Fenton, M.B.; Cakenberghe V.V. Nycteris thebaica. Mamm. Species 1999, 612, 1-8."
		Nycteris thebaica							http://purl.obolibrary.org/obo/RO_0008506	ecologically co-occurs with			Taphozous perforatus												10.2307/3504526	https://academic.oup.com/mspecies/article-abstract/doi/10.2307/3504526/2600765	"Gray, P.A.; Fenton, M.B.; Cakenberghe V.V. Nycteris thebaica. Mamm. Species 1999, 612, 1-8."
		Eptesicus fuscus							http://purl.obolibrary.org/obo/RO_0008506	ecologically co-occurs with			Nycticeius humeralis												10.2307/3503945	https://www.jstor.org/stable/3503945	"Watkins, L.C. Nycticeius humeralis. Mamm. Species 1972, 23, 1-4. "
		Myotis lucifugus							http://purl.obolibrary.org/obo/RO_0008506	ecologically co-occurs with			Nycticeius humeralis												10.2307/3503945	https://www.jstor.org/stable/3503945	"Watkins, L.C. Nycticeius humeralis. Mamm. Species 1972, 23, 1-4. "
		Artibeus jamaicensis							http://purl.obolibrary.org/obo/RO_0008506	ecologically co-occurs with			Nyctinomops laticaudatus												10.1644/1545-1410(2002)697<0001:NL>2.0.CO;2	https://bioone.org/journals/mammalian-species/volume-2002/issue-697/1545-1410(2002)697%3C0001:NL%3E2.0.CO;2/Nyctinomops-laticaudatus/10.1644/1545-1410(2002)697%3C0001:NL%3E2.0.CO;2.full?casa_token=KSWNNIK4KOAAAAAA:A2TIeRs1xHGdRSo2Od168CMdxM4TS_FnP9LOwlTYBEQwxpWrcdg6wIdJVO53Rox5V_hCvWKN	"Avila-Flores, R.; Flores-Martínez, J.J.; Ortega, J. Nyctinomops laticaudatus. Mamm. Species 2002, 697,1-6."
		Desmodus rotundus							http://purl.obolibrary.org/obo/RO_0008506	ecologically co-occurs with			Nyctinomops laticaudatus												10.1644/1545-1410(2002)697<0001:NL>2.0.CO;2	https://bioone.org/journals/mammalian-species/volume-2002/issue-697/1545-1410(2002)697%3C0001:NL%3E2.0.CO;2/Nyctinomops-laticaudatus/10.1644/1545-1410(2002)697%3C0001:NL%3E2.0.CO;2.full?casa_token=KSWNNIK4KOAAAAAA:A2TIeRs1xHGdRSo2Od168CMdxM4TS_FnP9LOwlTYBEQwxpWrcdg6wIdJVO53Rox5V_hCvWKN	"Avila-Flores, R.; Flores-Martínez, J.J.; Ortega, J. Nyctinomops laticaudatus. Mamm. Species 2002, 697,1-6."
		Eptesicus fuscus							http://purl.obolibrary.org/obo/RO_0008506	ecologically co-occurs with			Nycticeius humeralis												10.1644/1545-1410(2002)697<0001:NL>2.0.CO;2	https://bioone.org/journals/mammalian-species/volume-2002/issue-697/1545-1410(2002)697%3C0001:NL%3E2.0.CO;2/Nyctinomops-laticaudatus/10.1644/1545-1410(2002)697%3C0001:NL%3E2.0.CO;2.full?casa_token=KSWNNIK4KOAAAAAA:A2TIeRs1xHGdRSo2Od168CMdxM4TS_FnP9LOwlTYBEQwxpWrcdg6wIdJVO53Rox5V_hCvWKN	"Avila-Flores, R.; Flores-Martínez, J.J.; Ortega, J. Nyctinomops laticaudatus. Mamm. Species 2002, 697,1-6."
		Myotis nigricans							http://purl.obolibrary.org/obo/RO_0008506	ecologically co-occurs with			Nyctinomops laticaudatus												10.1644/1545-1410(2002)697<0001:NL>2.0.CO;2	https://bioone.org/journals/mammalian-species/volume-2002/issue-697/1545-1410(2002)697%3C0001:NL%3E2.0.CO;2/Nyctinomops-laticaudatus/10.1644/1545-1410(2002)697%3C0001:NL%3E2.0.CO;2.full?casa_token=KSWNNIK4KOAAAAAA:A2TIeRs1xHGdRSo2Od168CMdxM4TS_FnP9LOwlTYBEQwxpWrcdg6wIdJVO53Rox5V_hCvWKN	"Avila-Flores, R.; Flores-Martínez, J.J.; Ortega, J. Nyctinomops laticaudatus. Mamm. Species 2002, 697,1-6."
		Natalus stramineus							http://purl.obolibrary.org/obo/RO_0008506	ecologically co-occurs with			Nyctinomops laticaudatus												10.1644/1545-1410(2002)697<0001:NL>2.0.CO;2	https://bioone.org/journals/mammalian-species/volume-2002/issue-697/1545-1410(2002)697%3C0001:NL%3E2.0.CO;2/Nyctinomops-laticaudatus/10.1644/1545-1410(2002)697%3C0001:NL%3E2.0.CO;2.full?casa_token=KSWNNIK4KOAAAAAA:A2TIeRs1xHGdRSo2Od168CMdxM4TS_FnP9LOwlTYBEQwxpWrcdg6wIdJVO53Rox5V_hCvWKN	"Avila-Flores, R.; Flores-Martínez, J.J.; Ortega, J. Nyctinomops laticaudatus. Mamm. Species 2002, 697,1-6."
		Nyctinomops laticaudatus							http://purl.obolibrary.org/obo/RO_0008506	ecologically co-occurs with			Pteronotus parnellii												10.1644/1545-1410(2002)697<0001:NL>2.0.CO;2	https://bioone.org/journals/mammalian-species/volume-2002/issue-697/1545-1410(2002)697%3C0001:NL%3E2.0.CO;2/Nyctinomops-laticaudatus/10.1644/1545-1410(2002)697%3C0001:NL%3E2.0.CO;2.full?casa_token=KSWNNIK4KOAAAAAA:A2TIeRs1xHGdRSo2Od168CMdxM4TS_FnP9LOwlTYBEQwxpWrcdg6wIdJVO53Rox5V_hCvWKN	"Avila-Flores, R.; Flores-Martínez, J.J.; Ortega, J. Nyctinomops laticaudatus. Mamm. Species 2002, 697,1-6."
		Nyctinomops laticaudatus							http://purl.obolibrary.org/obo/RO_0008506	ecologically co-occurs with			Tadarida brasiliensis												10.1644/1545-1410(2002)697<0001:NL>2.0.CO;2	https://bioone.org/journals/mammalian-species/volume-2002/issue-697/1545-1410(2002)697%3C0001:NL%3E2.0.CO;2/Nyctinomops-laticaudatus/10.1644/1545-1410(2002)697%3C0001:NL%3E2.0.CO;2.full?casa_token=KSWNNIK4KOAAAAAA:A2TIeRs1xHGdRSo2Od168CMdxM4TS_FnP9LOwlTYBEQwxpWrcdg6wIdJVO53Rox5V_hCvWKN	"Avila-Flores, R.; Flores-Martínez, J.J.; Ortega, J. Nyctinomops laticaudatus. Mamm. Species 2002, 697,1-6."
		Chrotopterus auritus							http://purl.obolibrary.org/obo/RO_0008506	ecologically co-occurs with			Phyllostomus hastatus												10.1644/722	https://bioone.org/journals/Mammalian-Species/volume-2003/issue-722/722/Phyllostomus-hastatus/10.1644/722.full?casa_token=zxCS9J1j8QEAAAAA:WRfD3xI_U5PhhkimHAgM-dgxBSA8ZxO1CsGAAZxktDDxQS5Z0ZfWTsHT_fwOuWN_OkhQe2M-	"Santos, M.; Aguirre, L.F.; Vázquez, L.B.; Ortega, J. Phyllostomus hastatus. Mamm. Species, 2003, 722, 1-6."
		Desmodus rotundus							http://purl.obolibrary.org/obo/RO_0008506	ecologically co-occurs with			Phyllostomus hastatus												10.1644/722	https://bioone.org/journals/Mammalian-Species/volume-2003/issue-722/722/Phyllostomus-hastatus/10.1644/722.full?casa_token=zxCS9J1j8QEAAAAA:WRfD3xI_U5PhhkimHAgM-dgxBSA8ZxO1CsGAAZxktDDxQS5Z0ZfWTsHT_fwOuWN_OkhQe2M-	"Santos, M.; Aguirre, L.F.; Vázquez, L.B.; Ortega, J. Phyllostomus hastatus. Mamm. Species, 2003, 722, 1-6."
		Phyllostomus hastatus							http://purl.obolibrary.org/obo/RO_0008506	ecologically co-occurs with			Pteronotus davyi												10.1644/722	https://bioone.org/journals/Mammalian-Species/volume-2003/issue-722/722/Phyllostomus-hastatus/10.1644/722.full?casa_token=zxCS9J1j8QEAAAAA:WRfD3xI_U5PhhkimHAgM-dgxBSA8ZxO1CsGAAZxktDDxQS5Z0ZfWTsHT_fwOuWN_OkhQe2M-	"Santos, M.; Aguirre, L.F.; Vázquez, L.B.; Ortega, J. Phyllostomus hastatus. Mamm. Species, 2003, 722, 1-6."
		Eptesicus fuscus							http://purl.obolibrary.org/obo/RO_0008506	ecologically co-occurs with			Pipistrellus subflavus												10.2307/3504021	https://academic.oup.com/mspecies/article-abstract/doi/10.2307/3504021/2600579	"Fujita, M.S.; Kunz, T.H. Pipistrellus subflavus. Mamm. Species 1984, 228, 1-6. "
		Myotis lucifugus							http://purl.obolibrary.org/obo/RO_0008506	ecologically co-occurs with			Pipistrellus subflavus												10.2307/3504021	https://academic.oup.com/mspecies/article-abstract/doi/10.2307/3504021/2600579	"Fujita, M.S.; Kunz, T.H. Pipistrellus subflavus. Mamm. Species 1984, 228, 1-6. "
		Miniopterus schreibersii							http://purl.obolibrary.org/obo/RO_0008506	ecologically co-occurs with			Rhinolophus hildebrandtii												10.2307/3504089	https://academic.oup.com/mspecies/article/doi/10.2307/3504089/4952095	"Pearl, D.L. Rhinolophus hildebrandit. Mamm. Species 1994, 486, 1-3. "
		Hipposideros caffer							http://purl.obolibrary.org/obo/RO_0008506	ecologically co-occurs with			Rhinolophus hildebrandtii												10.2307/3504089	https://academic.oup.com/mspecies/article/doi/10.2307/3504089/4952095	"Pearl, D.L. Rhinolophus hildebrandit. Mamm. Species 1994, 486, 1-3. "
		Eonycteris spelaea							http://purl.obolibrary.org/obo/RO_0008506	ecologically co-occurs with			Hipposideros armiger													http://hbs.bishopmuseum.org/pi/pdf/9(3)-399.pdf	"McClure, H.E.; Lim, B.L.; Winn, S.E. Fauna of the Dark Cave, Batu Caves, Kuala Lumpur, Malaysia. Pacific Insects 1967, 9(3), 399-428."
		Eonycteris spelaea							http://purl.obolibrary.org/obo/RO_0008506	ecologically co-occurs with			Hipposideros bicolor													http://hbs.bishopmuseum.org/pi/pdf/9(3)-399.pdf	"McClure, H.E.; Lim, B.L.; Winn, S.E. Fauna of the Dark Cave, Batu Caves, Kuala Lumpur, Malaysia. Pacific Insects 1967, 9(3), 399-428."
		Eonycteris spelaea							http://purl.obolibrary.org/obo/RO_0008506	ecologically co-occurs with			Hipposideros diadema													http://hbs.bishopmuseum.org/pi/pdf/9(3)-399.pdf	"McClure, H.E.; Lim, B.L.; Winn, S.E. Fauna of the Dark Cave, Batu Caves, Kuala Lumpur, Malaysia. Pacific Insects 1967, 9(3), 399-428."
		Eonycteris spelaea							http://purl.obolibrary.org/obo/RO_0008506	ecologically co-occurs with			Myotis mystacinus													http://hbs.bishopmuseum.org/pi/pdf/9(3)-399.pdf	"McClure, H.E.; Lim, B.L.; Winn, S.E. Fauna of the Dark Cave, Batu Caves, Kuala Lumpur, Malaysia. Pacific Insects 1967, 9(3), 399-428."
		Eonycteris spelaea							http://purl.obolibrary.org/obo/RO_0008506	ecologically co-occurs with			Rhinolophus affinis													http://hbs.bishopmuseum.org/pi/pdf/9(3)-399.pdf	"McClure, H.E.; Lim, B.L.; Winn, S.E. Fauna of the Dark Cave, Batu Caves, Kuala Lumpur, Malaysia. Pacific Insects 1967, 9(3), 399-428."
		Eonycteris spelaea							http://purl.obolibrary.org/obo/RO_0008506	ecologically co-occurs with			Taphozous melanopogon													http://hbs.bishopmuseum.org/pi/pdf/9(3)-399.pdf	"McClure, H.E.; Lim, B.L.; Winn, S.E. Fauna of the Dark Cave, Batu Caves, Kuala Lumpur, Malaysia. Pacific Insects 1967, 9(3), 399-428."
		Hipposideros armiger							http://purl.obolibrary.org/obo/RO_0008506	ecologically co-occurs with			Hipposideros bicolor													http://hbs.bishopmuseum.org/pi/pdf/9(3)-399.pdf	"McClure, H.E.; Lim, B.L.; Winn, S.E. Fauna of the Dark Cave, Batu Caves, Kuala Lumpur, Malaysia. Pacific Insects 1967, 9(3), 399-428."
		Hipposideros armiger							http://purl.obolibrary.org/obo/RO_0008506	ecologically co-occurs with			Hipposideros diadema													http://hbs.bishopmuseum.org/pi/pdf/9(3)-399.pdf	"McClure, H.E.; Lim, B.L.; Winn, S.E. Fauna of the Dark Cave, Batu Caves, Kuala Lumpur, Malaysia. Pacific Insects 1967, 9(3), 399-428."
		Hipposideros armiger							http://purl.obolibrary.org/obo/RO_0008506	ecologically co-occurs with			Myotis mystacinus													http://hbs.bishopmuseum.org/pi/pdf/9(3)-399.pdf	"McClure, H.E.; Lim, B.L.; Winn, S.E. Fauna of the Dark Cave, Batu Caves, Kuala Lumpur, Malaysia. Pacific Insects 1967, 9(3), 399-428."
		Hipposideros armiger							http://purl.obolibrary.org/obo/RO_0008506	ecologically co-occurs with			Rhinolophus affinis													http://hbs.bishopmuseum.org/pi/pdf/9(3)-399.pdf	"McClure, H.E.; Lim, B.L.; Winn, S.E. Fauna of the Dark Cave, Batu Caves, Kuala Lumpur, Malaysia. Pacific Insects 1967, 9(3), 399-428."
		Hipposideros armiger							http://purl.obolibrary.org/obo/RO_0008506	ecologically co-occurs with			Taphozous melanopogon													http://hbs.bishopmuseum.org/pi/pdf/9(3)-399.pdf	"McClure, H.E.; Lim, B.L.; Winn, S.E. Fauna of the Dark Cave, Batu Caves, Kuala Lumpur, Malaysia. Pacific Insects 1967, 9(3), 399-428."
		Hipposideros bicolor							http://purl.obolibrary.org/obo/RO_0008506	ecologically co-occurs with			Hipposideros diadema													http://hbs.bishopmuseum.org/pi/pdf/9(3)-399.pdf	"McClure, H.E.; Lim, B.L.; Winn, S.E. Fauna of the Dark Cave, Batu Caves, Kuala Lumpur, Malaysia. Pacific Insects 1967, 9(3), 399-428."
		Hipposideros bicolor							http://purl.obolibrary.org/obo/RO_0008506	ecologically co-occurs with			Myotis mystacinus													http://hbs.bishopmuseum.org/pi/pdf/9(3)-399.pdf	"McClure, H.E.; Lim, B.L.; Winn, S.E. Fauna of the Dark Cave, Batu Caves, Kuala Lumpur, Malaysia. Pacific Insects 1967, 9(3), 399-428."
		Hipposideros bicolor							http://purl.obolibrary.org/obo/RO_0008506	ecologically co-occurs with			Rhinolophus affinis													http://hbs.bishopmuseum.org/pi/pdf/9(3)-399.pdf	"McClure, H.E.; Lim, B.L.; Winn, S.E. Fauna of the Dark Cave, Batu Caves, Kuala Lumpur, Malaysia. Pacific Insects 1967, 9(3), 399-428."
		Hipposideros bicolor							http://purl.obolibrary.org/obo/RO_0008506	ecologically co-occurs with			Taphozous melanopogon													http://hbs.bishopmuseum.org/pi/pdf/9(3)-399.pdf	"McClure, H.E.; Lim, B.L.; Winn, S.E. Fauna of the Dark Cave, Batu Caves, Kuala Lumpur, Malaysia. Pacific Insects 1967, 9(3), 399-428."
		Hipposideros diadema							http://purl.obolibrary.org/obo/RO_0008506	ecologically co-occurs with			Myotis mystacinus													http://hbs.bishopmuseum.org/pi/pdf/9(3)-399.pdf	"McClure, H.E.; Lim, B.L.; Winn, S.E. Fauna of the Dark Cave, Batu Caves, Kuala Lumpur, Malaysia. Pacific Insects 1967, 9(3), 399-428."
		Hipposideros diadema							http://purl.obolibrary.org/obo/RO_0008506	ecologically co-occurs with			Rhinolophus affinis													http://hbs.bishopmuseum.org/pi/pdf/9(3)-399.pdf	"McClure, H.E.; Lim, B.L.; Winn, S.E. Fauna of the Dark Cave, Batu Caves, Kuala Lumpur, Malaysia. Pacific Insects 1967, 9(3), 399-428."
		Hipposideros diadema							http://purl.obolibrary.org/obo/RO_0008506	ecologically co-occurs with			Taphozous melanopogon													http://hbs.bishopmuseum.org/pi/pdf/9(3)-399.pdf	"McClure, H.E.; Lim, B.L.; Winn, S.E. Fauna of the Dark Cave, Batu Caves, Kuala Lumpur, Malaysia. Pacific Insects 1967, 9(3), 399-428."
		Myotis mystacinus							http://purl.obolibrary.org/obo/RO_0008506	ecologically co-occurs with			Rhinolophus affinis													http://hbs.bishopmuseum.org/pi/pdf/9(3)-399.pdf	"McClure, H.E.; Lim, B.L.; Winn, S.E. Fauna of the Dark Cave, Batu Caves, Kuala Lumpur, Malaysia. Pacific Insects 1967, 9(3), 399-428."
		Myotis mystacinus							http://purl.obolibrary.org/obo/RO_0008506	ecologically co-occurs with			Taphozous melanopogon													http://hbs.bishopmuseum.org/pi/pdf/9(3)-399.pdf	"McClure, H.E.; Lim, B.L.; Winn, S.E. Fauna of the Dark Cave, Batu Caves, Kuala Lumpur, Malaysia. Pacific Insects 1967, 9(3), 399-428."
		Rhinolophus affinis							http://purl.obolibrary.org/obo/RO_0008506	ecologically co-occurs with			Taphozous melanopogon													http://hbs.bishopmuseum.org/pi/pdf/9(3)-399.pdf	"McClure, H.E.; Lim, B.L.; Winn, S.E. Fauna of the Dark Cave, Batu Caves, Kuala Lumpur, Malaysia. Pacific Insects 1967, 9(3), 399-428."
		Rhinolophus euryale							http://purl.obolibrary.org/obo/RO_0008506	ecologically co-occurs with			Rhinolophus ferrumequinum													https://journals.tubitak.gov.tr/zoology/issues/zoo-98-22-4/zoo-22-4-2-97039.pdf	"Qumsiyeh, M.B.; Amr, Z.S.; Al-oran, R.M. Further records of bats from Jordan and a synopsis. Turkish J. Zoo. 1998, 22(4), 277-284."
		Murina leucogaster							http://purl.obolibrary.org/obo/RO_0008506	ecologically co-occurs with			Myotis pilosus												10.1644/05-MAMM-A-183R1.1	https://academic.oup.com/jmammal/article-abstract/87/2/339/872856	"Ma, J.; Zhang, J.; Liang, B.; Zhang, L.; Zhang, S.; Metzner, W. Dietary characteristics of Myotis ricketti in Beijing, north China. J. Mamm. 2006, 87(2), 339-344."
		Myotis pilosus							http://purl.obolibrary.org/obo/RO_0008506	ecologically co-occurs with			Rhinolophus ferrumequinum												10.1644/05-MAMM-A-183R1.1	https://academic.oup.com/jmammal/article-abstract/87/2/339/872856	"Ma, J.; Zhang, J.; Liang, B.; Zhang, L.; Zhang, S.; Metzner, W. Dietary characteristics of Myotis ricketti in Beijing, north China. J. Mamm. 2006, 87(2), 339-344."
		Hipposideros armiger							http://purl.obolibrary.org/obo/RO_0008506	ecologically co-occurs with			Myotis pilosus												10.1.1.654.436	https://citeseerx.ist.psu.edu/viewdoc/download?doi=10.1.1.654.436&rep=rep1&type=pdf	"Tang, Z. H., Zhang, G. L., Sheng, L. X., Hong, T. Y., Zhu, G. J., Yang, J., ... & Zhang, L. B. (2012). Alopecia in Rickett’s big-footed bat Myotis ricketti (Chiroptera: Vespertilionidae) in relation to age and sex. Zool. Stud. 2012, 51, 494-499."
		Hipposideros larvatus							http://purl.obolibrary.org/obo/RO_0008506	ecologically co-occurs with			Myotis pilosus												10.1.1.654.436	https://citeseerx.ist.psu.edu/viewdoc/download?doi=10.1.1.654.436&rep=rep1&type=pdf	"Tang, Z. H., Zhang, G. L., Sheng, L. X., Hong, T. Y., Zhu, G. J., Yang, J., ... & Zhang, L. B. (2012). Alopecia in Rickett’s big-footed bat Myotis ricketti (Chiroptera: Vespertilionidae) in relation to age and sex. Zool. Stud. 2012, 51, 494-499."
		Hipposideros pratti							http://purl.obolibrary.org/obo/RO_0008506	ecologically co-occurs with			Myotis pilosus												10.1.1.654.436	https://citeseerx.ist.psu.edu/viewdoc/download?doi=10.1.1.654.436&rep=rep1&type=pdf	"Tang, Z. H., Zhang, G. L., Sheng, L. X., Hong, T. Y., Zhu, G. J., Yang, J., ... & Zhang, L. B. (2012). Alopecia in Rickett’s big-footed bat Myotis ricketti (Chiroptera: Vespertilionidae) in relation to age and sex. Zool. Stud. 2012, 51, 494-499."
		Ia io							http://purl.obolibrary.org/obo/RO_0008506	ecologically co-occurs with			Myotis pilosus												10.1.1.654.436	https://citeseerx.ist.psu.edu/viewdoc/download?doi=10.1.1.654.436&rep=rep1&type=pdf	"Tang, Z. H., Zhang, G. L., Sheng, L. X., Hong, T. Y., Zhu, G. J., Yang, J., ... & Zhang, L. B. (2012). Alopecia in Rickett’s big-footed bat Myotis ricketti (Chiroptera: Vespertilionidae) in relation to age and sex. Zool. Stud. 2012, 51, 494-499."
		Myotis pilosus							http://purl.obolibrary.org/obo/RO_0008506	ecologically co-occurs with			Pipistrellus pipistrellus												10.1.1.654.436	https://citeseerx.ist.psu.edu/viewdoc/download?doi=10.1.1.654.436&rep=rep1&type=pdf	"Tang, Z. H., Zhang, G. L., Sheng, L. X., Hong, T. Y., Zhu, G. J., Yang, J., ... & Zhang, L. B. (2012). Alopecia in Rickett’s big-footed bat Myotis ricketti (Chiroptera: Vespertilionidae) in relation to age and sex. Zool. Stud. 2012, 51, 494-499."
		Myotis pilosus							http://purl.obolibrary.org/obo/RO_0008506	ecologically co-occurs with			Rhinolophus rex												10.1.1.654.436	https://citeseerx.ist.psu.edu/viewdoc/download?doi=10.1.1.654.436&rep=rep1&type=pdf	"Tang, Z. H., Zhang, G. L., Sheng, L. X., Hong, T. Y., Zhu, G. J., Yang, J., ... & Zhang, L. B. (2012). Alopecia in Rickett’s big-footed bat Myotis ricketti (Chiroptera: Vespertilionidae) in relation to age and sex. Zool. Stud. 2012, 51, 494-499."
		Miniopterus magnater							http://purl.obolibrary.org/obo/RO_0008506	ecologically co-occurs with			Miniopterus pusillus												10.1099/vir.0.83605-0	https://www.microbiologyresearch.org/content/journal/jgv/10.1099/vir.0.83605-0?crawler=true&casa_token=zWvbGrQI2pcAAAAA:XUlXsAxvX1li1jVHrcg7xjaMM1Ml66iBx7wRnOQUzfYOFXPWgrq8dWQaKG53xOAhde735HfVd24Rut1P	"Chu, D.K.W.; Peiris, J.S.M.; Chen, H.; Guan, Y.; Poon, L.L.M. 2008. Genomic characterizations of bat coronaviruses (1A, 1B and HKU8) and evidence for co-infections in Miniopterus bats. J. Gen. Virol. 2008, 89(5), 1282-1287."
		Hipposideros commersoni							http://purl.obolibrary.org/obo/RO_0008506	ecologically co-occurs with			Rousettus aegyptiacus												10.1089/vbz.2011.0663	https://www.liebertpub.com/doi/full/10.1089/vbz.2011.0663?casa_token=RlQaerEpVIYAAAAA%3AD90xqlWqLoy8-eB1dLkXbFBi8iugF2oTwxSWDubL-RNHF-GNP8NWkeziG_9uRoUElfjxZdG1_WZRbA	"Kuzmin, I.V.; Turmelle, A.S.; Agwanda, B.; Markotter, W.; Niezgoda, M.; Breiman, R.F.; Rupprecht, C.E. Commerson's leaf-nosed bat (Hipposideros commersoni) is the likely reservoir of Shimoni bat virus. Vect. Borne Zoo. Dis. 2011, 11(11), 1465-1470."
																											
																											
																											